-- Práctica #4: Consultas Avanzadas y Joins
-- Alumnos:
-- * Paredes Zamudio Luis Daniel
-- * Rivera Morales David
-- * Tapia Hernandez Carlos Alberto


-- * Inserciones de Prueba

-- * EMPLOYEES
INSERT INTO EMPLOYEES (EMPLOYEE_ID, FIRST_NAME, LAST_NAME, EMAIL, DEPARTMENT_ID, HIRE_DATE, SALARY) 
VALUES (101, 'Carlos', 'González', 'carlos.gonzalez@empresa.com', NULL, TO_DATE('2022-01-15', 'YYYY-MM-DD'), 50000);

INSERT INTO EMPLOYEES (EMPLOYEE_ID, FIRST_NAME, LAST_NAME, EMAIL, DEPARTMENT_ID, HIRE_DATE, SALARY) 
VALUES (102, 'María', 'Rodríguez', 'maria.rodriguez@empresa.com', NULL, TO_DATE('2021-06-01', 'YYYY-MM-DD'), 60000);

INSERT INTO EMPLOYEES (EMPLOYEE_ID, FIRST_NAME, LAST_NAME, EMAIL, DEPARTMENT_ID, HIRE_DATE, SALARY) 
VALUES (103, 'José', 'López', 'jose.lopez@empresa.com', NULL, TO_DATE('2019-09-23', 'YYYY-MM-DD'), 70000);

INSERT INTO EMPLOYEES (EMPLOYEE_ID, FIRST_NAME, LAST_NAME, EMAIL, DEPARTMENT_ID, HIRE_DATE, SALARY) 
VALUES (104, 'Ana', 'Martínez', 'ana.martinez@empresa.com', NULL, TO_DATE('2020-03-10', 'YYYY-MM-DD'), 75000);

INSERT INTO EMPLOYEES (EMPLOYEE_ID, FIRST_NAME, LAST_NAME, EMAIL, DEPARTMENT_ID, HIRE_DATE, SALARY) 
VALUES (105, 'Luis', 'Hernández', 'luis.hernandez@empresa.com', NULL, TO_DATE('2018-11-30', 'YYYY-MM-DD'), 65000);

INSERT INTO EMPLOYEES (EMPLOYEE_ID, FIRST_NAME, LAST_NAME, EMAIL, DEPARTMENT_ID, HIRE_DATE, SALARY) 
VALUES (106, 'Daniel', 'Paredes', 'daniel.paredes@empresa.com', NULL, TO_DATE('2017-11-30', 'YYYY-MM-DD'), 95000);

-- * DEPARTMENTS
INSERT INTO DEPARTMENTS (DEPARTMENT_ID, DEPARTMENT_NAME, MANAGER_ID) VALUES (1, 'Ventas', 101);
INSERT INTO DEPARTMENTS (DEPARTMENT_ID, DEPARTMENT_NAME, MANAGER_ID) VALUES (2, 'Recursos Humanos', 102);
INSERT INTO DEPARTMENTS (DEPARTMENT_ID, DEPARTMENT_NAME, MANAGER_ID) VALUES (3, 'Finanzas', 103);
INSERT INTO DEPARTMENTS (DEPARTMENT_ID, DEPARTMENT_NAME, MANAGER_ID) VALUES (4, 'Tecnología', 104);
INSERT INTO DEPARTMENTS (DEPARTMENT_ID, DEPARTMENT_NAME, MANAGER_ID) VALUES (5, 'Marketing', 105);
INSERT INTO DEPARTMENTS (DEPARTMENT_ID, DEPARTMENT_NAME, MANAGER_ID) VALUES (6, 'IT', 106);

-- Actualizar el DEPARTMENT_ID en EMPLOYEES
UPDATE EMPLOYEES SET DEPARTMENT_ID = 1 WHERE EMPLOYEE_ID = 101;
UPDATE EMPLOYEES SET DEPARTMENT_ID = 2 WHERE EMPLOYEE_ID = 102;
UPDATE EMPLOYEES SET DEPARTMENT_ID = 3 WHERE EMPLOYEE_ID = 103;
UPDATE EMPLOYEES SET DEPARTMENT_ID = 4 WHERE EMPLOYEE_ID = 104;
UPDATE EMPLOYEES SET DEPARTMENT_ID = 5 WHERE EMPLOYEE_ID = 105;
UPDATE EMPLOYEES SET DEPARTMENT_ID = 6 WHERE EMPLOYEE_ID = 106;

-- * SUPPLIERS
INSERT INTO SUPPLIERS (SUPPLIER_ID, SUPPLIER_NAME, CONTACT_INFO, PROJECT_ID) VALUES (401, 'Proveedor A', 'contacto@proveedora.com, +123456789', NULL);
INSERT INTO SUPPLIERS (SUPPLIER_ID, SUPPLIER_NAME, CONTACT_INFO, PROJECT_ID) VALUES (402, 'Proveedor B', 'contacto@proveedorb.com, +987654321', NULL);
INSERT INTO SUPPLIERS (SUPPLIER_ID, SUPPLIER_NAME, CONTACT_INFO, PROJECT_ID) VALUES (403, 'Proveedor C', 'contacto@proveedorc.com, +192837465', NULL);
INSERT INTO SUPPLIERS (SUPPLIER_ID, SUPPLIER_NAME, CONTACT_INFO, PROJECT_ID) VALUES (404, 'Proveedor D', 'contacto@proveedord.com, +564738291', NULL);
INSERT INTO SUPPLIERS (SUPPLIER_ID, SUPPLIER_NAME, CONTACT_INFO, PROJECT_ID) VALUES (406, 'Proveedor F', 'contacto@proveedorf.com, +5569377986', NULL);
INSERT INTO SUPPLIERS (SUPPLIER_ID, SUPPLIER_NAME, CONTACT_INFO, PROJECT_ID) VALUES (405, 'Proveedor E', 'contacto@proveedore.com, +102938475', NULL);

-- * PROJECTS
INSERT INTO PROJECTS (PROJECT_ID, PROJECT_NAME, START_DATE, END_DATE, BUDGET) VALUES (201, 'Proyecto Alpha', TO_DATE('2023-05-01', 'YYYY-MM-DD'), TO_DATE('2025-05-01', 'YYYY-MM-DD'), 100000);
INSERT INTO PROJECTS (PROJECT_ID, PROJECT_NAME, START_DATE, END_DATE, BUDGET) VALUES (202, 'Proyecto Beta', TO_DATE('2022-08-15', 'YYYY-MM-DD'), TO_DATE('2023-08-15', 'YYYY-MM-DD'), 150000);
INSERT INTO PROJECTS (PROJECT_ID, PROJECT_NAME, START_DATE, END_DATE, BUDGET) VALUES (203, 'Proyecto Gamma', TO_DATE('2023-01-10', 'YYYY-MM-DD'), TO_DATE('2023-12-10', 'YYYY-MM-DD'), 120000);
INSERT INTO PROJECTS (PROJECT_ID, PROJECT_NAME, START_DATE, END_DATE, BUDGET) VALUES (204, 'Proyecto Delta', TO_DATE('2023-07-01', 'YYYY-MM-DD'), TO_DATE('2025-07-01', 'YYYY-MM-DD'), 200000);
INSERT INTO PROJECTS (PROJECT_ID, PROJECT_NAME, START_DATE, END_DATE, BUDGET) VALUES (205, 'Proyecto Épsilon', TO_DATE('2023-10-01', 'YYYY-MM-DD'), TO_DATE('2024-10-01', 'YYYY-MM-DD'), 180000);
INSERT INTO PROJECTS (PROJECT_ID, PROJECT_NAME, START_DATE, END_DATE, BUDGET) VALUES (206, 'Proyecto Sudo', TO_DATE('2022-10-01', 'YYYY-MM-DD'), TO_DATE('2027-12-31', 'YYYY-MM-DD'), 300000);

-- Actualizar el PROJECT_ID en SUPPLIERS
UPDATE SUPPLIERS SET PROJECT_ID = 201 WHERE SUPPLIER_ID = 401;
UPDATE SUPPLIERS SET PROJECT_ID = 202 WHERE SUPPLIER_ID = 402;
UPDATE SUPPLIERS SET PROJECT_ID = 203 WHERE SUPPLIER_ID = 403;
UPDATE SUPPLIERS SET PROJECT_ID = 204 WHERE SUPPLIER_ID = 404;
UPDATE SUPPLIERS SET PROJECT_ID = 205 WHERE SUPPLIER_ID = 405;
UPDATE SUPPLIERS SET PROJECT_ID = 206 WHERE SUPPLIER_ID = 406;

-- * PROJECT_ASIGNMENT
INSERT INTO PROJECT_ASIGNMENT (ASSIGNMENT_ID, PROJECT_ID, EMPLOYEE_ID, ROLL, HOURS_WORKED) VALUES (301, 201, 101, 'Líder', 160);
INSERT INTO PROJECT_ASIGNMENT (ASSIGNMENT_ID, PROJECT_ID, EMPLOYEE_ID, ROLL, HOURS_WORKED) VALUES (302, 202, 102, 'Desarrollador', 120);
INSERT INTO PROJECT_ASIGNMENT (ASSIGNMENT_ID, PROJECT_ID, EMPLOYEE_ID, ROLL, HOURS_WORKED) VALUES (303, 203, 103, 'Analista', 140);
INSERT INTO PROJECT_ASIGNMENT (ASSIGNMENT_ID, PROJECT_ID, EMPLOYEE_ID, ROLL, HOURS_WORKED) VALUES (304, 204, 104, 'Gerente', 180);
INSERT INTO PROJECT_ASIGNMENT (ASSIGNMENT_ID, PROJECT_ID, EMPLOYEE_ID, ROLL, HOURS_WORKED) VALUES (305, 205, 105, 'Tester', 100);
INSERT INTO PROJECT_ASIGNMENT (ASSIGNMENT_ID, PROJECT_ID, EMPLOYEE_ID, ROLL, HOURS_WORKED) VALUES (306, 206, 106, 'Desarrollo Sitio Web', 100);

-- * CUSTOMERS
INSERT INTO CUSTOMERS (CUSTOMER_ID, CUSTOMER_NAME, CONTACT_INFO) VALUES (501, 'Cliente Alpha', 'cliente.alpha@correo.com, +1122334455');
INSERT INTO CUSTOMERS (CUSTOMER_ID, CUSTOMER_NAME, CONTACT_INFO) VALUES (502, 'Cliente Beta', 'cliente.beta@correo.com, +2233445566');
INSERT INTO CUSTOMERS (CUSTOMER_ID, CUSTOMER_NAME, CONTACT_INFO) VALUES (503, 'Cliente Gamma', 'cliente.gamma@correo.com, +3344556677');
INSERT INTO CUSTOMERS (CUSTOMER_ID, CUSTOMER_NAME, CONTACT_INFO) VALUES (504, 'Cliente Delta', 'cliente.delta@correo.com, +4455667788');
INSERT INTO CUSTOMERS (CUSTOMER_ID, CUSTOMER_NAME, CONTACT_INFO) VALUES (505, 'Cliente Épsilon', 'cliente.epsilon@correo.com, +5566778899');
INSERT INTO CUSTOMERS (CUSTOMER_ID, CUSTOMER_NAME, CONTACT_INFO) VALUES (506, 'Cliente Sudo', 'cliente.sudo@correo.com, +5566778899');

-- * CUSTOMER_PROJECT
INSERT INTO CUSTOMER_PROJECT (CUSTOMER_ID, PROJECT_ID) VALUES (501, 201);
INSERT INTO CUSTOMER_PROJECT (CUSTOMER_ID, PROJECT_ID) VALUES (502, 202);
INSERT INTO CUSTOMER_PROJECT (CUSTOMER_ID, PROJECT_ID) VALUES (503, 203);
INSERT INTO CUSTOMER_PROJECT (CUSTOMER_ID, PROJECT_ID) VALUES (504, 204);
INSERT INTO CUSTOMER_PROJECT (CUSTOMER_ID, PROJECT_ID) VALUES (505, 205);
INSERT INTO CUSTOMER_PROJECT (CUSTOMER_ID, PROJECT_ID) VALUES (506, 206);