-- Práctica #4: Consultas Avanzadas y Joins
-- Alumnos:
-- * Paredes Zamudio Luis Daniel
-- * Rivera Morales David
-- * Tapia Hernandez Carlos Alberto

-- * Inserciones de Prueba

-- * EMPLOYEES
INSERT INTO EMPLOYEES (EMPLOYEE_ID, FIRST_NAME, LAST_NAME, EMAIL, DEPARTMENT_ID, HIRE_DATE, SALARY) 
VALUES (101, 'Carlos', 'González', 'carlos.gonzalez@empresa.com', NULL, TO_DATE('2022-01-15', 'YYYY-MM-DD'), 50000);

INSERT INTO EMPLOYEES (EMPLOYEE_ID, FIRST_NAME, LAST_NAME, EMAIL, DEPARTMENT_ID, HIRE_DATE, SALARY) 
VALUES (102, 'María', 'Rodríguez', 'maria.rodriguez@empresa.com', NULL, TO_DATE('2021-06-01', 'YYYY-MM-DD'), 60000);

INSERT INTO EMPLOYEES (EMPLOYEE_ID, FIRST_NAME, LAST_NAME, EMAIL, DEPARTMENT_ID, HIRE_DATE, SALARY) 
VALUES (103, 'José', 'López', 'jose.lopez@empresa.com', NULL, TO_DATE('2019-09-23', 'YYYY-MM-DD'), 70000);

INSERT INTO EMPLOYEES (EMPLOYEE_ID, FIRST_NAME, LAST_NAME, EMAIL, DEPARTMENT_ID, HIRE_DATE, SALARY) 
VALUES (104, 'Ana', 'Martínez', 'ana.martinez@empresa.com', NULL, TO_DATE('2020-03-10', 'YYYY-MM-DD'), 75000);

INSERT INTO EMPLOYEES (EMPLOYEE_ID, FIRST_NAME, LAST_NAME, EMAIL, DEPARTMENT_ID, HIRE_DATE, SALARY) 
VALUES (105, 'Luis', 'Hernández', 'luis.hernandez@empresa.com', NULL, TO_DATE('2018-11-30', 'YYYY-MM-DD'), 65000);

INSERT INTO EMPLOYEES (EMPLOYEE_ID, FIRST_NAME, LAST_NAME, EMAIL, DEPARTMENT_ID, HIRE_DATE, SALARY) 
VALUES (106, 'Daniel', 'Paredes', 'daniel.paredes@empresa.com', NULL, TO_DATE('2017-11-30', 'YYYY-MM-DD'), 95000);

INSERT INTO EMPLOYEES (EMPLOYEE_ID, FIRST_NAME, LAST_NAME, EMAIL, DEPARTMENT_ID, HIRE_DATE, SALARY) 
VALUES (107, 'Laura', 'Méndez', 'laura.mendez@empresa.com', NULL, TO_DATE('2021-02-15', 'YYYY-MM-DD'), 55000);

INSERT INTO EMPLOYEES (EMPLOYEE_ID, FIRST_NAME, LAST_NAME, EMAIL, DEPARTMENT_ID, HIRE_DATE, SALARY) 
VALUES (108, 'Pedro', 'Ramírez', 'pedro.ramirez@empresa.com', NULL, TO_DATE('2020-07-01', 'YYYY-MM-DD'), 62000);

INSERT INTO EMPLOYEES (EMPLOYEE_ID, FIRST_NAME, LAST_NAME, EMAIL, DEPARTMENT_ID, HIRE_DATE, SALARY) 
VALUES (109, 'Sofía', 'Gómez', 'sofia.gomez@empresa.com', NULL, TO_DATE('2022-03-10', 'YYYY-MM-DD'), 58000);

INSERT INTO EMPLOYEES (EMPLOYEE_ID, FIRST_NAME, LAST_NAME, EMAIL, DEPARTMENT_ID, HIRE_DATE, SALARY) 
VALUES (110, 'Diego', 'Sánchez', 'diego.sanchez@empresa.com', NULL, TO_DATE('2019-05-20', 'YYYY-MM-DD'), 72000);

INSERT INTO EMPLOYEES (EMPLOYEE_ID, FIRST_NAME, LAST_NAME, EMAIL, DEPARTMENT_ID, HIRE_DATE, SALARY) 
VALUES (111, 'Valentina', 'Fernández', 'valentina.fernandez@empresa.com', NULL, TO_DATE('2020-09-15', 'YYYY-MM-DD'), 68000);

INSERT INTO EMPLOYEES (EMPLOYEE_ID, FIRST_NAME, LAST_NAME, EMAIL, DEPARTMENT_ID, HIRE_DATE, SALARY) 
VALUES (112, 'Miguel', 'Torres', 'miguel.torres@empresa.com', NULL, TO_DATE('2018-07-05', 'YYYY-MM-DD'), 63000);

INSERT INTO EMPLOYEES (EMPLOYEE_ID, FIRST_NAME, LAST_NAME, EMAIL, DEPARTMENT_ID, HIRE_DATE, SALARY) 
VALUES (113, 'Camila', 'Ruiz', 'camila.ruiz@empresa.com', NULL, TO_DATE('2017-12-25', 'YYYY-MM-DD'), 92000);

INSERT INTO EMPLOYEES (EMPLOYEE_ID, FIRST_NAME, LAST_NAME, EMAIL, DEPARTMENT_ID, HIRE_DATE, SALARY) 
VALUES (114, 'Andrés', 'Díaz', 'andres.diaz@empresa.com', NULL, TO_DATE('2021-08-10', 'YYYY-MM-DD'), 57000);

INSERT INTO EMPLOYEES (EMPLOYEE_ID, FIRST_NAME, LAST_NAME, EMAIL, DEPARTMENT_ID, HIRE_DATE, SALARY) 
VALUES (115, 'Isabella', 'Herrera', 'isabella.herrera@empresa.com', NULL, TO_DATE('2020-04-05', 'YYYY-MM-DD'), 61000);

INSERT INTO EMPLOYEES (EMPLOYEE_ID, FIRST_NAME, LAST_NAME, EMAIL, DEPARTMENT_ID, HIRE_DATE, SALARY) 
VALUES (116, 'Sebastián', 'Vargas', 'sebastian.vargas@empresa.com', NULL, TO_DATE('2019-02-15', 'YYYY-MM-DD'), 71000);

INSERT INTO EMPLOYEES (EMPLOYEE_ID, FIRST_NAME, LAST_NAME, EMAIL, DEPARTMENT_ID, HIRE_DATE, SALARY) 
VALUES (117, 'Valeria', 'Silva', 'valeria.silva@empresa.com', NULL, TO_DATE('2020-10-20', 'YYYY-MM-DD'), 67000);

INSERT INTO EMPLOYEES (EMPLOYEE_ID, FIRST_NAME, LAST_NAME, EMAIL, DEPARTMENT_ID, HIRE_DATE, SALARY) 
VALUES (118, 'Felipe', 'Morales', 'felipe.morales@empresa.com', NULL, TO_DATE('2018-09-01', 'YYYY-MM-DD'), 64000);

INSERT INTO EMPLOYEES (EMPLOYEE_ID, FIRST_NAME, LAST_NAME, EMAIL, DEPARTMENT_ID, HIRE_DATE, SALARY) 
VALUES (119, 'Mariana', 'Rojas', 'mariana.rojas@empresa.com', NULL, TO_DATE('2017-11-10', 'YYYY-MM-DD'), 93000);

INSERT INTO EMPLOYEES (EMPLOYEE_ID, FIRST_NAME, LAST_NAME, EMAIL, DEPARTMENT_ID, HIRE_DATE, SALARY) 
VALUES (120, 'Matías', 'Carrasco', 'matias.carrasco@empresa.com', NULL, TO_DATE('2021-06-25', 'YYYY-MM-DD'), 56000);

INSERT INTO EMPLOYEES (EMPLOYEE_ID, FIRST_NAME, LAST_NAME, EMAIL, DEPARTMENT_ID, HIRE_DATE, SALARY) 
VALUES (121, 'Matías', 'Perez', 'matias.perez@empresa.com', NULL, TO_DATE('2022-06-25', 'YYYY-MM-DD'), 57000);

-- * DEPARTMENTS
INSERT INTO DEPARTMENTS (DEPARTMENT_ID, DEPARTMENT_NAME, MANAGER_ID) VALUES (1, 'Ventas', 101);
INSERT INTO DEPARTMENTS (DEPARTMENT_ID, DEPARTMENT_NAME, MANAGER_ID) VALUES (2, 'Recursos Humanos', 102);
INSERT INTO DEPARTMENTS (DEPARTMENT_ID, DEPARTMENT_NAME, MANAGER_ID) VALUES (3, 'Finanzas', 103);
INSERT INTO DEPARTMENTS (DEPARTMENT_ID, DEPARTMENT_NAME, MANAGER_ID) VALUES (4, 'Tecnología', 104);
INSERT INTO DEPARTMENTS (DEPARTMENT_ID, DEPARTMENT_NAME, MANAGER_ID) VALUES (5, 'Marketing', 105);
INSERT INTO DEPARTMENTS (DEPARTMENT_ID, DEPARTMENT_NAME, MANAGER_ID) VALUES (6, 'IT', 106);
-- * MANAGERS
INSERT INTO MANAGERS (MANAGER_ID, FST_NAME,LST_NAME, DEPARTMENT_ID) VALUES (101,'Carlos', 'González', 1);
INSERT INTO MANAGERS (MANAGER_ID, FST_NAME,LST_NAME, DEPARTMENT_ID) VALUES (102,'María', 'Rodríguez', 2);
INSERT INTO MANAGERS (MANAGER_ID, FST_NAME,LST_NAME, DEPARTMENT_ID) VALUES (103,'José', 'López', 3);
INSERT INTO MANAGERS (MANAGER_ID, FST_NAME,LST_NAME, DEPARTMENT_ID) VALUES (104,'Ana', 'Martínez', 4);
INSERT INTO MANAGERS (MANAGER_ID, FST_NAME,LST_NAME, DEPARTMENT_ID) VALUES (105,'Luis', 'Hernández', 5);
INSERT INTO MANAGERS (MANAGER_ID, FST_NAME,LST_NAME, DEPARTMENT_ID) VALUES (106,'Daniel', 'Paredes', 6);


-- Actualizar el DEPARTMENT_ID en EMPLOYEES
UPDATE EMPLOYEES SET DEPARTMENT_ID = 1 WHERE EMPLOYEE_ID = 101;
UPDATE EMPLOYEES SET DEPARTMENT_ID = 2 WHERE EMPLOYEE_ID = 102;
UPDATE EMPLOYEES SET DEPARTMENT_ID = 3 WHERE EMPLOYEE_ID = 103;
UPDATE EMPLOYEES SET DEPARTMENT_ID = 4 WHERE EMPLOYEE_ID = 104;
UPDATE EMPLOYEES SET DEPARTMENT_ID = 5 WHERE EMPLOYEE_ID = 105;
UPDATE EMPLOYEES SET DEPARTMENT_ID = 6 WHERE EMPLOYEE_ID = 106;
UPDATE EMPLOYEES SET DEPARTMENT_ID = 1 WHERE EMPLOYEE_ID = 107;
UPDATE EMPLOYEES SET DEPARTMENT_ID = 2 WHERE EMPLOYEE_ID = 108;
UPDATE EMPLOYEES SET DEPARTMENT_ID = 5 WHERE EMPLOYEE_ID = 109;
UPDATE EMPLOYEES SET DEPARTMENT_ID = 5 WHERE EMPLOYEE_ID = 110;

UPDATE EMPLOYEES SET DEPARTMENT_ID = 1 WHERE EMPLOYEE_ID = 111;
UPDATE EMPLOYEES SET DEPARTMENT_ID = 2 WHERE EMPLOYEE_ID = 112;
UPDATE EMPLOYEES SET DEPARTMENT_ID = 6 WHERE EMPLOYEE_ID = 113;
UPDATE EMPLOYEES SET DEPARTMENT_ID = 5 WHERE EMPLOYEE_ID = 114;
UPDATE EMPLOYEES SET DEPARTMENT_ID = 5 WHERE EMPLOYEE_ID = 115;
UPDATE EMPLOYEES SET DEPARTMENT_ID = 6 WHERE EMPLOYEE_ID = 116;
UPDATE EMPLOYEES SET DEPARTMENT_ID = 6 WHERE EMPLOYEE_ID = 117;
UPDATE EMPLOYEES SET DEPARTMENT_ID = 6 WHERE EMPLOYEE_ID = 118;
UPDATE EMPLOYEES SET DEPARTMENT_ID = 6 WHERE EMPLOYEE_ID = 119;
UPDATE EMPLOYEES SET DEPARTMENT_ID = 5 WHERE EMPLOYEE_ID = 120;
UPDATE EMPLOYEES SET DEPARTMENT_ID = 5 WHERE EMPLOYEE_ID = 121;

UPDATE MANAGERS SET DEPARTMENT_ID = 1 WHERE MANAGER_ID = 101;
UPDATE MANAGERS SET DEPARTMENT_ID = 2 WHERE MANAGER_ID = 102;
UPDATE MANAGERS SET DEPARTMENT_ID = 3 WHERE MANAGER_ID = 103;
UPDATE MANAGERS SET DEPARTMENT_ID = 4 WHERE MANAGER_ID = 104;
UPDATE MANAGERS SET DEPARTMENT_ID = 5 WHERE MANAGER_ID = 105;
UPDATE MANAGERS SET DEPARTMENT_ID = 6 WHERE MANAGER_ID = 106;


-- * SUPPLIERS
INSERT INTO SUPPLIERS (SUPPLIER_ID, SUPPLIER_NAME, CONTACT_INFO) VALUES (401, 'Proveedor A', 'contacto@proveedora.com, +123456789');
INSERT INTO SUPPLIERS (SUPPLIER_ID, SUPPLIER_NAME, CONTACT_INFO) VALUES (402, 'Proveedor B', 'contacto@proveedorb.com, +987654321');
INSERT INTO SUPPLIERS (SUPPLIER_ID, SUPPLIER_NAME, CONTACT_INFO) VALUES (403, 'Proveedor C', 'contacto@proveedorc.com, +192837465');
INSERT INTO SUPPLIERS (SUPPLIER_ID, SUPPLIER_NAME, CONTACT_INFO) VALUES (404, 'Proveedor D', 'contacto@proveedord.com, +564738291');
INSERT INTO SUPPLIERS (SUPPLIER_ID, SUPPLIER_NAME, CONTACT_INFO) VALUES (406, 'Proveedor F', 'contacto@proveedorf.com, +5569377986');
INSERT INTO SUPPLIERS (SUPPLIER_ID, SUPPLIER_NAME, CONTACT_INFO) VALUES (405, 'Proveedor E', 'contacto@proveedore.com, +102938475');
INSERT INTO SUPPLIERS (SUPPLIER_ID, SUPPLIER_NAME, CONTACT_INFO) VALUES (407, 'Proveedor G', 'contacto@proveedorg.com, +123456789');
INSERT INTO SUPPLIERS (SUPPLIER_ID, SUPPLIER_NAME, CONTACT_INFO) VALUES (408, 'Proveedor H', 'contacto@proveedorh.com, +987654321');
INSERT INTO SUPPLIERS (SUPPLIER_ID, SUPPLIER_NAME, CONTACT_INFO) VALUES (409, 'Proveedor I', 'contacto@proveedori.com, +192837465');
INSERT INTO SUPPLIERS (SUPPLIER_ID, SUPPLIER_NAME, CONTACT_INFO) VALUES (410, 'Proveedor J', 'contacto@proveedorj.com, +564738291');
INSERT INTO SUPPLIERS (SUPPLIER_ID, SUPPLIER_NAME, CONTACT_INFO) VALUES (412, 'Proveedor L', 'contacto@proveedorl.com, +102938475');

-- * CUSTOMERS
INSERT INTO CUSTOMERS (CUSTOMER_ID, CUSTOMER_NAME, CONTACT_INFO) VALUES (501, 'Cliente Alpha', 'cliente.alpha@correo.com, +1122334455');
INSERT INTO CUSTOMERS (CUSTOMER_ID, CUSTOMER_NAME, CONTACT_INFO) VALUES (502, 'Cliente Beta', 'cliente.beta@correo.com, +2233445566');
INSERT INTO CUSTOMERS (CUSTOMER_ID, CUSTOMER_NAME, CONTACT_INFO) VALUES (503, 'Cliente Gamma', 'cliente.gamma@correo.com, +3344556677');
INSERT INTO CUSTOMERS (CUSTOMER_ID, CUSTOMER_NAME, CONTACT_INFO) VALUES (504, 'Cliente Delta', 'cliente.delta@correo.com, +4455667788');
INSERT INTO CUSTOMERS (CUSTOMER_ID, CUSTOMER_NAME, CONTACT_INFO) VALUES (505, 'Cliente Épsilon', 'cliente.epsilon@correo.com, +5566778899');
INSERT INTO CUSTOMERS (CUSTOMER_ID, CUSTOMER_NAME, CONTACT_INFO) VALUES (506, 'Cliente Sudo', 'cliente.sudo@correo.com, +5566778899');
INSERT INTO CUSTOMERS (CUSTOMER_ID, CUSTOMER_NAME, CONTACT_INFO) VALUES (507, 'Cliente Zeta', 'cliente.zeta@correo.com, +6677889900');
INSERT INTO CUSTOMERS (CUSTOMER_ID, CUSTOMER_NAME, CONTACT_INFO) VALUES (508, 'Cliente Omega', 'cliente.omega@correo.com, +7788990011');
INSERT INTO CUSTOMERS (CUSTOMER_ID, CUSTOMER_NAME, CONTACT_INFO) VALUES (509, 'Cliente Lambda', 'cliente.lambda@correo.com, +8899001122');
INSERT INTO CUSTOMERS (CUSTOMER_ID, CUSTOMER_NAME, CONTACT_INFO) VALUES (510, 'Cliente Kappa', 'cliente.kappa@correo.com, +9900112233');
INSERT INTO CUSTOMERS (CUSTOMER_ID, CUSTOMER_NAME, CONTACT_INFO) VALUES (511, 'Cliente Nu', 'cliente.nu@correo.com, +0011223344');
INSERT INTO CUSTOMERS (CUSTOMER_ID, CUSTOMER_NAME, CONTACT_INFO) VALUES (512, 'Cliente Xi', 'cliente.xi@correo.com, +1122334455');
INSERT INTO CUSTOMERS (CUSTOMER_ID, CUSTOMER_NAME, CONTACT_INFO) VALUES (513, 'Cliente Pi', 'cliente.pi@correo.com, +2233445566');
INSERT INTO CUSTOMERS (CUSTOMER_ID, CUSTOMER_NAME, CONTACT_INFO) VALUES (514, 'Cliente Rho', 'cliente.rho@correo.com, +3344556677');
INSERT INTO CUSTOMERS (CUSTOMER_ID, CUSTOMER_NAME, CONTACT_INFO) VALUES (515, 'Cliente Sigma', 'cliente.sigma@correo.com, +4455667788');
INSERT INTO CUSTOMERS (CUSTOMER_ID, CUSTOMER_NAME, CONTACT_INFO) VALUES (516, 'Cliente Tau', 'cliente.tau@correo.com, +5566778899');
INSERT INTO CUSTOMERS (CUSTOMER_ID, CUSTOMER_NAME, CONTACT_INFO) VALUES (517, 'Cliente Upsilon', 'cliente.upsilon@correo.com, +6677889900');
INSERT INTO CUSTOMERS (CUSTOMER_ID, CUSTOMER_NAME, CONTACT_INFO) VALUES (518, 'Cliente Phi', 'cliente.phi@correo.com, +7788990011');
INSERT INTO CUSTOMERS (CUSTOMER_ID, CUSTOMER_NAME, CONTACT_INFO) VALUES (519, 'Cliente Chi', 'cliente.chi@correo.com, +8899001122');
INSERT INTO CUSTOMERS (CUSTOMER_ID, CUSTOMER_NAME, CONTACT_INFO) VALUES (520, 'Cliente Psi', 'cliente.psi@correo.com, +9900112233');

-- * PROJECTS
INSERT INTO PROJECTS (PROJECT_ID, PROJECT_NAME, START_DATE, END_DATE, BUDGET, SUPPLIER_ID, CUSTOMER_ID) 
VALUES (201, 'Proyecto Alpha', TO_DATE('2023-05-01', 'YYYY-MM-DD'), TO_DATE('2025-05-01', 'YYYY-MM-DD'), 100000, 401, 501);

INSERT INTO PROJECTS (PROJECT_ID, PROJECT_NAME, START_DATE, END_DATE, BUDGET, SUPPLIER_ID, CUSTOMER_ID) 
VALUES (202, 'Proyecto Beta', TO_DATE('2022-08-15', 'YYYY-MM-DD'), TO_DATE('2023-08-15', 'YYYY-MM-DD'), 150000, 402, 502);

INSERT INTO PROJECTS (PROJECT_ID, PROJECT_NAME, START_DATE, END_DATE, BUDGET, SUPPLIER_ID, CUSTOMER_ID) 
VALUES (203, 'Proyecto Gamma', TO_DATE('2023-01-10', 'YYYY-MM-DD'), TO_DATE('2023-12-10', 'YYYY-MM-DD'), 120000, 403, 503);

INSERT INTO PROJECTS (PROJECT_ID, PROJECT_NAME, START_DATE, END_DATE, BUDGET, SUPPLIER_ID, CUSTOMER_ID) 
VALUES (204, 'Proyecto Delta', TO_DATE('2023-07-01', 'YYYY-MM-DD'), TO_DATE('2025-07-01', 'YYYY-MM-DD'), 200000, 404, 503);

INSERT INTO PROJECTS (PROJECT_ID, PROJECT_NAME, START_DATE, END_DATE, BUDGET, SUPPLIER_ID, CUSTOMER_ID) 
VALUES (205, 'Proyecto Épsilon', TO_DATE('2023-10-01', 'YYYY-MM-DD'), TO_DATE('2024-10-01', 'YYYY-MM-DD'), 180000, 401, 501);

INSERT INTO PROJECTS (PROJECT_ID, PROJECT_NAME, START_DATE, END_DATE, BUDGET, SUPPLIER_ID, CUSTOMER_ID) 
VALUES (206, 'Proyecto Sudo', TO_DATE('2022-10-01', 'YYYY-MM-DD'), TO_DATE('2027-12-31', 'YYYY-MM-DD'), 300000, 401, 501);

INSERT INTO PROJECTS (PROJECT_ID, PROJECT_NAME, START_DATE, END_DATE, BUDGET, SUPPLIER_ID, CUSTOMER_ID) 
VALUES (207, 'Proyecto Zeta', TO_DATE('2023-06-01', 'YYYY-MM-DD'), TO_DATE('2025-06-01', 'YYYY-MM-DD'), 250000, 402, 504);

INSERT INTO PROJECTS (PROJECT_ID, PROJECT_NAME, START_DATE, END_DATE, BUDGET, SUPPLIER_ID, CUSTOMER_ID) 
VALUES (208, 'Proyecto Omega', TO_DATE('2022-09-15', 'YYYY-MM-DD'), TO_DATE('2023-09-15', 'YYYY-MM-DD'), 300000, 408, 505);

INSERT INTO PROJECTS (PROJECT_ID, PROJECT_NAME, START_DATE, END_DATE, BUDGET, SUPPLIER_ID, CUSTOMER_ID) 
VALUES (209, 'Proyecto Lambda', TO_DATE('2023-02-01', 'YYYY-MM-DD'), TO_DATE('2024-02-01', 'YYYY-MM-DD'), 170000, 409, 506);

INSERT INTO PROJECTS (PROJECT_ID, PROJECT_NAME, START_DATE, END_DATE, BUDGET, SUPPLIER_ID, CUSTOMER_ID) 
VALUES (210, 'Proyecto Kappa', TO_DATE('2022-11-10', 'YYYY-MM-DD'), TO_DATE('2023-11-10', 'YYYY-MM-DD'), 160000, 410, 507);


-- * PROJECT_ASIGNMENT
INSERT INTO PROJECT_ASIGNMENT (ASSIGNMENT_ID, PROJECT_ID, EMPLOYEE_ID, ROLL, HOURS_WORKED) VALUES (301, 201, 101, 'Líder', 160);
INSERT INTO PROJECT_ASIGNMENT (ASSIGNMENT_ID, PROJECT_ID, EMPLOYEE_ID, ROLL, HOURS_WORKED) VALUES (302, 202, 102, 'Desarrollador', 120);
INSERT INTO PROJECT_ASIGNMENT (ASSIGNMENT_ID, PROJECT_ID, EMPLOYEE_ID, ROLL, HOURS_WORKED) VALUES (303, 203, 103, 'Analista', 140);
INSERT INTO PROJECT_ASIGNMENT (ASSIGNMENT_ID, PROJECT_ID, EMPLOYEE_ID, ROLL, HOURS_WORKED) VALUES (304, 204, 104, 'Gerente', 180);
INSERT INTO PROJECT_ASIGNMENT (ASSIGNMENT_ID, PROJECT_ID, EMPLOYEE_ID, ROLL, HOURS_WORKED) VALUES (305, 205, 105, 'Tester', 100);
INSERT INTO PROJECT_ASIGNMENT (ASSIGNMENT_ID, PROJECT_ID, EMPLOYEE_ID, ROLL, HOURS_WORKED) VALUES (306, 206, 106, 'Desarrollo Sitio Web', 100);
INSERT INTO PROJECT_ASIGNMENT (ASSIGNMENT_ID, PROJECT_ID, EMPLOYEE_ID, ROLL, HOURS_WORKED) VALUES (307, 207, 107, 'Coordinador', 150);
INSERT INTO PROJECT_ASIGNMENT (ASSIGNMENT_ID, PROJECT_ID, EMPLOYEE_ID, ROLL, HOURS_WORKED) VALUES (308, 208, 108, 'Supervisor', 130);
INSERT INTO PROJECT_ASIGNMENT (ASSIGNMENT_ID, PROJECT_ID, EMPLOYEE_ID, ROLL, HOURS_WORKED) VALUES (309, 209, 109, 'Diseñador', 170);
INSERT INTO PROJECT_ASIGNMENT (ASSIGNMENT_ID, PROJECT_ID, EMPLOYEE_ID, ROLL, HOURS_WORKED) VALUES (310, 210, 110, 'Ingeniero', 160);
INSERT INTO PROJECT_ASIGNMENT (ASSIGNMENT_ID, PROJECT_ID, EMPLOYEE_ID, ROLL, HOURS_WORKED) VALUES (311, 201, 111, 'Líder', 170);
INSERT INTO PROJECT_ASIGNMENT (ASSIGNMENT_ID, PROJECT_ID, EMPLOYEE_ID, ROLL, HOURS_WORKED) VALUES (312, 202, 112, 'Desarrollador', 130);
INSERT INTO PROJECT_ASIGNMENT (ASSIGNMENT_ID, PROJECT_ID, EMPLOYEE_ID, ROLL, HOURS_WORKED) VALUES (313, 203, 113, 'Analista', 150);
INSERT INTO PROJECT_ASIGNMENT (ASSIGNMENT_ID, PROJECT_ID, EMPLOYEE_ID, ROLL, HOURS_WORKED) VALUES (314, 204, 114, 'Gerente', 190);
INSERT INTO PROJECT_ASIGNMENT (ASSIGNMENT_ID, PROJECT_ID, EMPLOYEE_ID, ROLL, HOURS_WORKED) VALUES (315, 205, 115, 'Tester', 110);
INSERT INTO PROJECT_ASIGNMENT (ASSIGNMENT_ID, PROJECT_ID, EMPLOYEE_ID, ROLL, HOURS_WORKED) VALUES (316, 206, 116, 'Desarrollo Sitio Web', 110);
INSERT INTO PROJECT_ASIGNMENT (ASSIGNMENT_ID, PROJECT_ID, EMPLOYEE_ID, ROLL, HOURS_WORKED) VALUES (317, 207, 117, 'Coordinador', 160);
INSERT INTO PROJECT_ASIGNMENT (ASSIGNMENT_ID, PROJECT_ID, EMPLOYEE_ID, ROLL, HOURS_WORKED) VALUES (318, 208, 118, 'Supervisor', 140);
INSERT INTO PROJECT_ASIGNMENT (ASSIGNMENT_ID, PROJECT_ID, EMPLOYEE_ID, ROLL, HOURS_WORKED) VALUES (319, 209, 119, 'Diseñador', 180);
INSERT INTO PROJECT_ASIGNMENT (ASSIGNMENT_ID, PROJECT_ID, EMPLOYEE_ID, ROLL, HOURS_WORKED) VALUES (320, 210, 120, 'Ingeniero', 170);

-- inserts para tener un empleado a multiples proyectos. 
INSERT INTO PROJECT_ASIGNMENT (ASSIGNMENT_ID, PROJECT_ID, EMPLOYEE_ID, ROLL, HOURS_WORKED) VALUES (321, 202, 101, 'Developer', 40);
INSERT INTO PROJECT_ASIGNMENT (ASSIGNMENT_ID, PROJECT_ID, EMPLOYEE_ID, ROLL, HOURS_WORKED) VALUES (322, 203, 101, 'Developer', 80);
INSERT INTO PROJECT_ASIGNMENT (ASSIGNMENT_ID, PROJECT_ID, EMPLOYEE_ID, ROLL, HOURS_WORKED) VALUES (323, 201, 102, 'Supervisor', 100);

-- * CUSTOMER_PROJECT
INSERT INTO CUSTOMER_PROJECT (CUSTOMER_ID, PROJECT_ID) VALUES (501, 201);
INSERT INTO CUSTOMER_PROJECT (CUSTOMER_ID, PROJECT_ID) VALUES (502, 202);
INSERT INTO CUSTOMER_PROJECT (CUSTOMER_ID, PROJECT_ID) VALUES (503, 203);
INSERT INTO CUSTOMER_PROJECT (CUSTOMER_ID, PROJECT_ID) VALUES (504, 204);
INSERT INTO CUSTOMER_PROJECT (CUSTOMER_ID, PROJECT_ID) VALUES (505, 205);
INSERT INTO CUSTOMER_PROJECT (CUSTOMER_ID, PROJECT_ID) VALUES (506, 206);
INSERT INTO CUSTOMER_PROJECT (CUSTOMER_ID, PROJECT_ID) VALUES (507, 207);
INSERT INTO CUSTOMER_PROJECT (CUSTOMER_ID, PROJECT_ID) VALUES (508, 208);
INSERT INTO CUSTOMER_PROJECT (CUSTOMER_ID, PROJECT_ID) VALUES (509, 209);
INSERT INTO CUSTOMER_PROJECT (CUSTOMER_ID, PROJECT_ID) VALUES (510, 210);
INSERT INTO CUSTOMER_PROJECT (CUSTOMER_ID, PROJECT_ID) VALUES (501, 202);
INSERT INTO CUSTOMER_PROJECT (CUSTOMER_ID, PROJECT_ID) VALUES (502, 201);
INSERT INTO CUSTOMER_PROJECT (CUSTOMER_ID, PROJECT_ID) VALUES (501, 203);
INSERT INTO CUSTOMER_PROJECT (CUSTOMER_ID, PROJECT_ID) VALUES (514, 204);
INSERT INTO CUSTOMER_PROJECT (CUSTOMER_ID, PROJECT_ID) VALUES (515, 205);
INSERT INTO CUSTOMER_PROJECT (CUSTOMER_ID, PROJECT_ID) VALUES (516, 206);
INSERT INTO CUSTOMER_PROJECT (CUSTOMER_ID, PROJECT_ID) VALUES (501, 207);
INSERT INTO CUSTOMER_PROJECT (CUSTOMER_ID, PROJECT_ID) VALUES (518, 208);
INSERT INTO CUSTOMER_PROJECT (CUSTOMER_ID, PROJECT_ID) VALUES (519, 209);
INSERT INTO CUSTOMER_PROJECT (CUSTOMER_ID, PROJECT_ID) VALUES (501, 210);